Time,EC,Temperature,Real,Imaginary
2026-07-16 14:34:14.000000000,13933.621758121231,23.78083005206317,32155.0,-11082.0
2026-07-16 14:34:14.121065378,13911.079650688893,23.77842301606305,32155.0,-11082.0
2026-07-16 14:34:14.242130756,14031.945089649103,23.77891163136731,32153.0,-11082.0
2026-07-16 14:34:14.363196135,14007.889360660603,23.77847169161207,32152.0,-11081.0
2026-07-16 14:34:14.484261513,14004.775170923438,23.77889790967645,32152.0,-11081.0
2026-07-16 14:34:14.605326891,13982.656473738964,23.777731804258558,32150.0,-11081.0
2026-07-16 14:34:14.726392269,13930.90748924803,23.77666126046096,32150.0,-11081.0
2026-07-16 14:34:14.847457647,13955.48294383521,23.77568447254927,32148.0,-11080.0
2026-07-16 14:34:14.968523026,13952.748053045452,23.775559157761126,32148.0,-11080.0
2026-07-16 14:34:15.089588404,14049.450574633813,23.77687459024572,32145.0,-11079.0
2026-07-16 14:34:15.210653782,14075.92577036137,23.778120615841367,32145.0,-11078.0
2026-07-16 14:34:15.331719160,13972.041775339085,23.77853282171354,32145.0,-11076.0
2026-07-16 14:34:15.452784538,13997.955802405007,23.778896078242877,32144.0,-11077.0
2026-07-16 14:34:15.573849916,13949.350405962698,23.77855541316726,32144.0,-11077.0
2026-07-16 14:34:15.694915295,14048.766296118489,23.77955016586729,32144.0,-11076.0
2026-07-16 14:34:15.815980673,14048.08204078196,23.78049058624374,32143.0,-11076.0
2026-07-16 14:34:15.937046051,14046.713599649953,23.78137304492282,32142.0,-11075.0
2026-07-16 14:34:16.058111429,14018.883119290367,23.78219593002493,32141.0,-11075.0
2026-07-16 14:34:16.179176807,13920.949256587815,23.78162970470313,32141.0,-11076.0
2026-07-16 14:34:16.300242186,13939.569936780168,23.78175119756021,32139.0,-11075.0
2026-07-16 14:34:16.421307564,13965.917677258883,23.781858177391776,32137.0,-11073.0
2026-07-16 14:34:16.542372942,13967.95883575166,23.78195302581025,32137.0,-11074.0
2026-07-16 14:34:16.663438320,13950.725339626097,23.780941058251067,32139.0,-11076.0
2026-07-16 14:34:16.784503698,13893.691524599708,23.7799495283363,32137.0,-11075.0
2026-07-16 14:34:16.905569077,13867.108212064824,23.77839246178081,32133.0,-11073.0
2026-07-16 14:34:17.026634455,13819.830916259638,23.775552681885674,32132.0,-11071.0
2026-07-16 14:34:17.147699833,13839.181807067462,23.7732035201787,32127.0,-11069.0
2026-07-16 14:34:17.268765211,13820.9835243602,23.768444535809767,32125.0,-11068.0
2026-07-16 14:34:17.389830589,13816.433479439049,23.76413951876857,32123.0,-11066.0
2026-07-16 14:34:17.510895966,13823.841536871802,23.759833590574672,32129.0,-11062.0
2026-07-16 14:34:17.631961346,13798.417664122471,23.7545646132027,32131.0,-11058.0
2026-07-16 14:34:17.753026724,13822.227316103086,23.748234959691736,32124.0,-11059.0
2026-07-16 14:34:17.874092102,13824.92213644842,23.742228536340114,32125.0,-11059.0
2026-07-16 14:34:17.995157480,13894.93509267879,23.738332615194004,31837.0,-10937.0
2026-07-16 14:34:18.116222858,13957.231883833289,23.736551488345903,31987.0,-10999.0
2026-07-16 14:34:18.237288237,13927.22279958787,23.735164107483705,32093.0,-11049.0
2026-07-16 14:34:18.358353615,13981.39797502758,23.73285414157895,32110.0,-11056.0
2026-07-16 14:34:18.479418993,14001.150095629704,23.733307079221596,32122.0,-11061.0
2026-07-16 14:34:18.600484371,13976.800523062098,23.732555540663444,32123.0,-11063.0
2026-07-16 14:34:18.721549749,14002.03567383579,23.73193678762324,32124.0,-11063.0
2026-07-16 14:34:18.842615128,14052.860715877918,23.73238382854068,32125.0,-11063.0
2026-07-16 14:34:18.963680506,14052.860715877918,23.732759277412104,32124.0,-11063.0
2026-07-16 14:34:19.084745646,14046.307335711788,23.73388390723747,32122.0,-11063.0
2026-07-16 14:34:19.205811024,13999.785585677068,23.7341024312224,32123.0,-11063.0
2026-07-16 14:34:19.326876402,13975.438330883277,23.73351286039074,32122.0,-11062.0
2026-07-16 14:34:19.447941780,14022.961795666935,23.733738620857583,32121.0,-11062.0
2026-07-16 14:34:19.569007158,13969.341303655025,23.73393520582201,32120.0,-11062.0
2026-07-16 14:34:19.690072536,13974.07623118077,23.7334385382853,32120.0,-11062.0
2026-07-16 14:34:19.811137915,13973.395216008594,23.732988019364363,32120.0,-11063.0
2026-07-16 14:34:19.932203293,13970.022113782812,23.73321376090401,32120.0,-11062.0
2026-07-16 14:34:20.053268671,14015.847777134662,23.7345930724136,32119.0,-11063.0
2026-07-16 14:34:20.174334049,13964.068704682686,23.73533366241481,32118.0,-11062.0
2026-07-16 14:34:20.295399427,13990.649772635195,23.73602368652139,32117.0,-11061.0
2026-07-16 14:34:20.416464806,14017.674298488117,23.73666415175792,32117.0,-11061.0
2026-07-16 14:34:20.537530184,14012.43296592831,23.73787804161832,32116.0,-11060.0
2026-07-16 14:34:20.658595562,14013.115881814483,23.739057302090725,32116.0,-11060.0
2026-07-16 14:34:20.779660940,14062.582916397096,23.7408549862068,32115.0,-11061.0
2026-07-16 14:34:20.900726318,14061.897597624871,23.742647726112875,32115.0,-11060.0
2026-07-16 14:34:21.021791697,14012.43296592831,23.743645596822606,32115.0,-11060.0
2026-07-16 14:34:21.142857075,13959.409741817304,23.74455758225352,32115.0,-11060.0
2026-07-16 14:34:21.263922453,13985.859474860064,23.74538758923304,32115.0,-11059.0
2026-07-16 14:34:21.384987831,14009.005300759907,23.74686976433609,32114.0,-11059.0
2026-07-16 14:34:21.506053208,14007.639888225973,23.7482809855219,32113.0,-11060.0
2026-07-16 14:34:21.627118587,13958.049127511382,23.748839764633164,32113.0,-11059.0
2026-07-16 14:34:21.748183966,13981.880385095716,23.75007217495378,32113.0,-11058.0
2026-07-16 14:34:21.869249344,13931.596647933182,23.750474836785163,32112.0,-11059.0
2026-07-16 14:34:21.990314722,13953.392581637432,23.75154203900452,32111.0,-11058.0
2026-07-16 14:34:22.111380100,13955.328175998708,23.751817310786468,32110.0,-11058.0
2026-07-16 14:34:22.232445478,13956.688605571588,23.75205880724981,32110.0,-11059.0
2026-07-16 14:34:22.353510857,13979.154899755673,23.75291995441526,32110.0,-11058.0
2026-07-16 14:34:22.474576235,13953.392581637432,23.753725911437822,32110.0,-11058.0
2026-07-16 14:34:22.595641613,13928.880853008915,23.75382552582274,32109.0,-11058.0
2026-07-16 14:34:22.716706991,13977.111028571517,23.754527118601224,32108.0,-11057.0
2026-07-16 14:34:22.837772369,13929.559767168172,23.754569142811224,32109.0,-11057.0
2026-07-16 14:34:22.958837748,13955.328175998708,23.754606199511866,32108.0,-11058.0
2026-07-16 14:34:23.079903126,13904.367651667866,23.75409241444804,32108.0,-11057.0
2026-07-16 14:34:23.200968504,13953.287704830433,23.754154664697413,32107.0,-11056.0
2026-07-16 14:34:23.322033882,13953.967838794124,23.75421050981254,32106.0,-11056.0
2026-07-16 14:34:23.443099260,13950.672528692616,23.754754851468935,32106.0,-11056.0
2026-07-16 14:34:23.564164639,13949.312640714355,23.75527557084309,32106.0,-11055.0
2026-07-16 14:34:23.685230017,13952.607593958506,23.755270331310584,32106.0,-11055.0
2026-07-16 14:34:23.806295395,13926.844248822435,23.755265615596585,32106.0,-11056.0
2026-07-16 14:34:23.927360773,13930.13962071633,23.754807548199967,32106.0,-11056.0
2026-07-16 14:34:24.048426151,13998.874215442354,23.75574084619569,32106.0,-11055.0
2026-07-16 14:34:24.169491529,13979.04443856269,23.755711861848564,32106.0,-11055.0
2026-07-16 14:34:24.290556908,13975.067365523604,23.75615009964796,32105.0,-11055.0
2026-07-16 14:34:24.411622286,13975.067365523604,23.756568488838266,32105.0,-11055.0
2026-07-16 14:34:24.532687664,13947.952845067332,23.75696678603316,32104.0,-11055.0
2026-07-16 14:34:24.653753042,13947.272981868433,23.757345013224132,32103.0,-11055.0
2026-07-16 14:34:24.774818420,13927.423758527122,23.756773989100143,32103.0,-11055.0
2026-07-16 14:34:24.895883799,13950.5673998987,23.75669413874944,32103.0,-11055.0
2026-07-16 14:34:25.016949177,13977.00037882452,23.756621204553028,32102.0,-11055.0
2026-07-16 14:34:25.138014555,13920.167693092002,23.756992802140196,32102.0,-11055.0
2026-07-16 14:34:25.259079932,13926.065965784546,23.75646961189396,32101.0,-11055.0
2026-07-16 14:34:25.380145311,13945.913324718867,23.756856371239447,32101.0,-11055.0
2026-07-16 14:34:25.501210689,13945.913324718867,23.757225362041257,32101.0,-11054.0
2026-07-16 14:34:25.622276068,13945.913324718867,23.757576582037466,32100.0,-11055.0
2026-07-16 14:34:25.743341446,13921.414318470508,23.75746341521219,32099.0,-11054.0
2026-07-16 14:34:25.864406824,14020.51390156495,23.75822445598513,32099.0,-11054.0
2026-07-16 14:34:25.985472202,13971.661722977027,23.758533047434664,32099.0,-11055.0
2026-07-16 14:34:26.106537580,13993.416408289557,23.7592746889111,32098.0,-11054.0
2026-07-16 14:34:26.227602959,13921.414318470508,23.75907138705193,32098.0,-11054.0
2026-07-16 14:34:26.348668337,14020.51390156495,23.759800267319186,32098.0,-11054.0
2026-07-16 14:34:26.469733715,13896.913844526933,23.759091073116515,32097.0,-11054.0
2026-07-16 14:34:26.590799093,13965.635385006475,23.759871357461357,32096.0,-11053.0
2026-07-16 14:34:26.711864471,13966.316195721813,23.760637184054268,32096.0,-11054.0
2026-07-16 14:34:26.832929850,13969.618614973762,23.760859123543035,32096.0,-11054.0
2026-07-16 14:34:26.953995228,13917.453715558517,23.76106253067921,32097.0,-11054.0
2026-07-16 14:34:27.075060606,13919.378474902514,23.76075622592641,32096.0,-11053.0
2026-07-16 14:34:27.196125984,13892.954514361434,23.760470590589023,32096.0,-11053.0
2026-07-16 14:34:27.317191362,13968.25665860884,23.760680977858843,32095.0,-11053.0
2026-07-16 14:34:27.438256741,13892.277234104768,23.760410752419126,32095.0,-11052.0
2026-07-16 14:34:27.559322119,13995.355346001985,23.760615731896007,32095.0,-11052.0
2026-07-16 14:34:27.680387497,13892.277234104768,23.760358656410357,32094.0,-11052.0
2026-07-16 14:34:27.801452875,13914.74010666319,23.76055870909872,32094.0,-11052.0
2026-07-16 14:34:27.922518253,13986.211557789711,23.761601602973094,32093.0,-11052.0
2026-07-16 14:34:28.043583632,13941.834907273951,23.76175288387793,32094.0,-11052.0
2026-07-16 14:34:28.164649010,13945.127898499755,23.76143653376103,32094.0,-11052.0
2026-07-16 14:34:28.285714388,13988.64204299436,23.76204173423728,32093.0,-11051.0
2026-07-16 14:34:28.406779766,13941.155251826083,23.76216953329331,32093.0,-11051.0
2026-07-16 14:34:28.527845144,13943.768254084776,23.761838093348345,32093.0,-11052.0
2026-07-16 14:34:28.648910522,13962.91237332188,23.76241729663356,32093.0,-11051.0
2026-07-16 14:34:28.769975901,13966.894794754397,23.76252525424365,32092.0,-11052.0
2026-07-16 14:34:28.891041279,13961.5510061885,23.76306691823463,32091.0,-11052.0
2026-07-16 14:34:29.012106419,13839.88557678516,23.762238834503123,32091.0,-11051.0
2026-07-16 14:34:29.133171797,13892.17196268956,23.761408551207072,32090.0,-11052.0
2026-07-16 14:34:29.254237174,13941.72896066882,23.761081423024013,32090.0,-11051.0
2026-07-16 14:34:29.375302553,13867.101622225968,23.76028610237906,32091.0,-11051.0
2026-07-16 14:34:29.496367931,13939.116423988497,23.760520326963785,32090.0,-11051.0
2026-07-16 14:34:29.617433310,13964.171344582686,23.76073614174001,32090.0,-11050.0
2026-07-16 14:34:29.738498688,13910.67038453325,23.76093529584569,32089.0,-11049.0
2026-07-16 14:34:29.859564066,13938.436860877538,23.761119358853723,32089.0,-11050.0
2026-07-16 14:34:29.980629444,13911.348613952705,23.761289738157704,32089.0,-11050.0
2026-07-16 14:34:30.101694822,14013.680621283702,23.761892735891205,32089.0,-11050.0
2026-07-16 14:34:30.222760201,13967.464186685893,23.761568384151698,32089.0,-11050.0
2026-07-16 14:34:30.343825579,13939.689875101503,23.761262149233485,32088.0,-11050.0
2026-07-16 14:34:30.464890957,13989.897959237944,23.761423042230817,32088.0,-11050.0
2026-07-16 14:34:30.585956335,13914.628979996784,23.761134298472506,32088.0,-11050.0
2026-07-16 14:34:30.707021713,13959.509128876573,23.761729690195835,32088.0,-11049.0
2026-07-16 14:34:30.828087091,13936.39831005322,23.76186766543827,32087.0,-11050.0
2026-07-16 14:34:30.949152470,13936.39831005322,23.761995388116883,32087.0,-11050.0
2026-07-16 14:34:31.070217848,13959.509128876573,23.762536238382147,32087.0,-11050.0
2026-07-16 14:34:31.191283226,13887.536916485136,23.76219938305921,32087.0,-11050.0
2026-07-16 14:34:31.312348604,13962.128999801966,23.76231145042751,32086.0,-11049.0
2026-07-16 14:34:31.433413982,13938.330600197109,23.76199514442962,32086.0,-11048.0
2026-07-16 14:34:31.554479361,13958.147992929134,23.76253205216176,32086.0,-11049.0
2026-07-16 14:34:31.675544739,13937.650997387402,23.762197736971665,32085.0,-11049.0
2026-07-16 14:34:31.796610117,13932.429936559942,23.76273907905318,32086.0,-11048.0
2026-07-16 14:34:31.917675495,13935.718839281964,23.76282803922697,32086.0,-11048.0
2026-07-16 14:34:32.038740873,13957.467459633555,23.763335773228302,32085.0,-11048.0
2026-07-16 14:34:32.159806252,13907.95769726534,23.763396205946552,32085.0,-11048.0
2026-07-16 14:34:32.280871630,13938.330600197109,23.763032607571443,32085.0,-11048.0
2026-07-16 14:34:32.401937008,13934.359966993452,23.76310458595191,32084.0,-11049.0
2026-07-16 14:34:32.523002386,13936.97141767288,23.76276398052657,32084.0,-11048.0
2026-07-16 14:34:32.644067764,13931.071420911456,23.76325420203037,32084.0,-11048.0
2026-07-16 14:34:32.765133142,13959.406197231092,23.7633159515672,32083.0,-11048.0
2026-07-16 14:34:32.886198521,13930.392197700045,23.763777044013697,32084.0,-11047.0
2026-07-16 14:34:33.007263899,13933.680565477378,23.763815161506272,32084.0,-11047.0
2026-07-16 14:34:33.128329276,13906.60149188086,23.76385028042811,32083.0,-11047.0
2026-07-16 14:34:33.249394655,13909.202368864086,23.763499285156257,32083.0,-11047.0
2026-07-16 14:34:33.370460033,13960.767552258048,23.76354645849857,32084.0,-11047.0
2026-07-16 14:34:33.491525412,13933.0011870469,23.76359022421462,32082.0,-11047.0
2026-07-16 14:34:33.612590790,13979.778375681668,23.763994007403063,32081.0,-11046.0
2026-07-16 14:34:33.733656168,13950.965128532229,23.764755585084096,32081.0,-11047.0
2026-07-16 14:34:33.854721546,13954.745557643711,23.765150553418145,32081.0,-11048.0
2026-07-16 14:34:33.975786924,13950.965128532229,23.765930025540836,32080.0,-11048.0
2026-07-16 14:34:34.096852303,13955.425998462371,23.76630231629099,32081.0,-11048.0
2026-07-16 14:34:34.217917681,13955.425998462371,23.766658875036853,32081.0,-11047.0
2026-07-16 14:34:34.338983059,13980.460057266057,23.766999539911662,32080.0,-11047.0
2026-07-16 14:34:34.460048437,13976.668423029265,23.767746964781416,32080.0,-11047.0
2026-07-16 14:34:34.581113815,13930.963190267968,23.767598907223935,32080.0,-11048.0
2026-07-16 14:34:34.702179193,13928.35466651952,23.7679024180986,32081.0,-11047.0
2026-07-16 14:34:34.823244572,13879.406280368275,23.767752381958967,32080.0,-11047.0
2026-07-16 14:34:34.944309950,13926.317343022023,23.768039080403497,32079.0,-11046.0
2026-07-16 14:34:35.065375328,13922.422407312468,23.768725441996683,32078.0,-11045.0
2026-07-16 14:34:35.186440706,13905.245378662454,23.76853527743453,32079.0,-11046.0
2026-07-16 14:34:35.307506084,13973.183296988784,23.76965647594643,32078.0,-11047.0
2026-07-16 14:34:35.428571463,13926.996427778997,23.769880212913822,32078.0,-11046.0
2026-07-16 14:34:35.549636841,13923.780204522149,23.77054182312437,32078.0,-11046.0
2026-07-16 14:34:35.670702219,13907.167770039176,23.76976744028705,32078.0,-11047.0
2026-07-16 14:34:35.791767597,13926.317343022023,23.76999559880814,32078.0,-11046.0
2026-07-16 14:34:35.912832975,13907.167770039176,23.7692394025688,32079.0,-11045.0
2026-07-16 14:34:36.033898354,13903.2113816515,23.768997153183783,32078.0,-11045.0
2026-07-16 14:34:36.154963732,13900.488121326402,23.769261421780968,32078.0,-11045.0
2026-07-16 14:34:36.276029110,13906.489616534378,23.768550247341608,32078.0,-11045.0
2026-07-16 14:34:36.397094488,13873.537968783849,23.76884061300648,32078.0,-11045.0
2026-07-16 14:34:36.518159865,13902.533428731727,23.768626440846777,32078.0,-11045.0
2026-07-16 14:34:36.639225245,13900.488121326402,23.76890063748857,32078.0,-11044.0
2026-07-16 14:34:36.760290623,13955.322687254346,23.768692288067417,32078.0,-11044.0
2026-07-16 14:34:36.881356001,13924.959242737968,23.768952734682436,32077.0,-11044.0
2026-07-16 14:34:37.002421379,13979.0967172602,23.76919701271185,32077.0,-11045.0
2026-07-16 14:34:37.123486757,13928.925401261356,23.768985772792043,32077.0,-11044.0
2026-07-16 14:34:37.244552135,13924.959242737968,23.76922026985116,32077.0,-11043.0
2026-07-16 14:34:37.365617514,13931.535611393185,23.768588754367368,32077.0,-11044.0
2026-07-16 14:34:37.486682892,13925.638281341731,23.76884697907068,32077.0,-11044.0
2026-07-16 14:34:37.607748270,13928.246184432048,23.76865390873852,32077.0,-11043.0
2026-07-16 14:34:37.728813648,13924.959242737968,23.768900720036378,32077.0,-11044.0
2026-07-16 14:34:37.849879026,13952.024025567584,23.769133597063703,32077.0,-11044.0
2026-07-16 14:34:37.970944405,13902.533428731727,23.76893642893149,32077.0,-11044.0
2026-07-16 14:34:38.092009783,13924.959242737968,23.769160997571976,32077.0,-11044.0
2026-07-16 14:34:38.213075161,13905.811486081924,23.768562944385145,32077.0,-11044.0
2026-07-16 14:34:38.334140539,13901.17759202124,23.76838916519821,32076.0,-11044.0
2026-07-16 14:34:38.455205917,13977.051880979448,23.76863895468689,32075.0,-11045.0
2026-07-16 14:34:38.576271296,13901.17759202124,23.768466905705296,32075.0,-11044.0
2026-07-16 14:34:38.697336674,13927.56699068867,23.768305326511687,32076.0,-11043.0
2026-07-16 14:34:38.818402052,13946.884181961534,23.76893271644732,32076.0,-11043.0
2026-07-16 14:34:38.939467430,13924.280227210018,23.76915866314689,32076.0,-11043.0
2026-07-16 14:34:39.060532570,13927.56699068867,23.768964940600444,32076.0,-11043.0
2026-07-16 14:34:39.181597948,13900.499708229494,23.768782392617798,32075.0,-11044.0
2026-07-16 14:34:39.302663326,13953.281244519478,23.768610338399785,32075.0,-11044.0
2026-07-16 14:34:39.423728704,13927.56699068867,23.768448127224637,32075.0,-11044.0
2026-07-16 14:34:39.544794083,13900.499708229494,23.76829514033488,32074.0,-11045.0
2026-07-16 14:34:39.665859461,13949.302863411289,23.768526188638525,32074.0,-11044.0
2026-07-16 14:34:39.786924839,13971.898557353528,23.76911292419316,32074.0,-11043.0
2026-07-16 14:34:39.907990217,13873.99282733676,23.768928548409264,32074.0,-11044.0
2026-07-16 14:34:40.029055595,13969.777027921866,23.76991264757072,32074.0,-11044.0
2026-07-16 14:34:40.150120974,13971.217240584192,23.77051691065684,32073.0,-11044.0
2026-07-16 14:34:40.271186352,13949.302863411289,23.770684120537755,32074.0,-11043.0
2026-07-16 14:34:40.392251730,13971.898557353528,23.771259263242623,32074.0,-11043.0
2026-07-16 14:34:40.513317107,13995.463996713224,23.77227488542644,32074.0,-11042.0
2026-07-16 14:34:40.634382486,13971.217240584192,23.77283382463281,32073.0,-11042.0
2026-07-16 14:34:40.755447865,13922.243319086469,23.772899723253317,32073.0,-11043.0
2026-07-16 14:34:40.876513243,13897.099340558789,23.7729596839268,32073.0,-11043.0
2026-07-16 14:34:40.997578621,13971.217240584192,23.77344989669148,32073.0,-11042.0
2026-07-16 14:34:41.118643999,13892.092271103997,23.77392386751257,32072.0,-11043.0
2026-07-16 14:34:41.239709377,13896.42165350671,23.77393360518813,32072.0,-11044.0
2026-07-16 14:34:41.360774755,13921.564395866231,23.77394245864872,32072.0,-11043.0
2026-07-16 14:34:41.481840134,13919.02831795496,23.77435887231892,32073.0,-11042.0
2026-07-16 14:34:41.602905512,13892.092271103997,23.774761694444948,32072.0,-11042.0
2026-07-16 14:34:41.723970890,13941.245461835477,23.77558504495533,32071.0,-11042.0
2026-07-16 14:34:41.845036268,13920.20661865578,23.77551543191744,32070.0,-11042.0
2026-07-16 14:34:41.966101646,13944.164013104122,23.775877601600698,32071.0,-11041.0
2026-07-16 14:34:42.087167025,13895.066348505745,23.77579705911912,32071.0,-11040.0
2026-07-16 14:34:42.208232403,13872.639694078109,23.77530198529216,32071.0,-11041.0
2026-07-16 14:34:42.329297781,13921.564395866231,23.775248644089,32072.0,-11042.0
2026-07-16 14:34:42.450363159,13944.164013104122,23.775604819181865,32071.0,-11042.0
2026-07-16 14:34:42.571428537,13894.388730556144,23.775539890752768,32070.0,-11042.0
2026-07-16 14:34:42.692493916,13917.670843681664,23.77587339824576,32070.0,-11042.0
2026-07-16 14:34:42.813559294,13936.9084201471,23.777001785927677,32070.0,-11042.0
2026-07-16 14:34:42.934624672,13967.052429261656,23.777762422965367,32070.0,-11042.0
2026-07-16 14:34:43.055690050,13917.670843681664,23.778041450842498,32070.0,-11042.0
2026-07-16 14:34:43.176755428,13942.804067335255,23.7783026283548,32070.0,-11042.0
2026-07-16 14:34:43.297820807,13993.416725272731,23.779011144507216,32070.0,-11042.0
2026-07-16 14:34:43.418886185,13943.484028664718,23.779229604022937,32070.0,-11042.0
2026-07-16 14:34:43.539951563,13917.670843681664,23.779432504477835,32070.0,-11042.0
2026-07-16 14:34:43.661016941,13966.371337457496,23.7800812527415,32070.0,-11042.0
2026-07-16 14:34:43.782082319,13916.992141145736,23.780244095434877,32070.0,-11042.0
2026-07-16 14:34:43.903147697,13862.895916806418,23.780394618464584,32069.0,-11042.0
2026-07-16 14:34:44.024213076,13888.02800549244,23.780534007930147,32068.0,-11041.0
2026-07-16 14:34:44.145278454,13894.388730556144,23.780244848376373,32069.0,-11041.0
2026-07-16 14:34:44.266343832,13916.313461677331,23.780386270142383,32068.0,-11042.0
2026-07-16 14:34:44.387409210,13888.02800549244,23.780517994203663,32068.0,-11041.0
2026-07-16 14:34:44.508474588,13939.885818239984,23.78105342788163,32068.0,-11042.0
2026-07-16 14:34:44.629539967,13962.46732898872,23.781989652348265,32068.0,-11043.0
2026-07-16 14:34:44.750605345,13866.09786405381,23.78161651814981,32068.0,-11043.0
2026-07-16 14:34:44.871670723,13916.992141145736,23.781701074766065,32069.0,-11042.0
2026-07-16 14:34:44.992736101,13893.711135641322,23.78135446811735,32068.0,-11043.0
2026-07-16 14:34:45.113801479,13893.0335637612,23.781023903704465,32068.0,-11042.0
2026-07-16 14:34:45.234866858,13964.328200913054,23.781573663054715,32068.0,-11041.0
2026-07-16 14:34:45.355932236,13939.885818239984,23.782111482934223,32068.0,-11042.0
2026-07-16 14:34:45.476997614,13939.206031095222,23.78263478112361,32068.0,-11041.0
2026-07-16 14:34:45.598062992,13889.382668605169,23.78267189257903,32069.0,-11041.0
2026-07-16 14:34:45.719128370,13862.895916806418,23.78270572258497,32068.0,-11042.0
2026-07-16 14:34:45.840193748,13940.76432200865,23.782736680774047,32067.0,-11042.0
2026-07-16 14:34:45.961259127,13916.313461677331,23.782765111928622,32068.0,-11042.0
2026-07-16 14:34:46.082324505,13919.527764666518,23.782408417990364,32068.0,-11042.0
2026-07-16 14:34:46.203389883,13986.901591503089,23.78324000441611,32067.0,-11042.0
2026-07-16 14:34:46.324455261,13865.421628834096,23.782831705452,32067.0,-11042.0
2026-07-16 14:34:46.445520639,13912.961511847469,23.78329483463612,32068.0,-11042.0
2026-07-16 14:34:46.566586018,13935.549236067733,23.784169369949915,32068.0,-11041.0
2026-07-16 14:34:46.687651396,13868.580846314666,23.783215886777057,32067.0,-11041.0
2026-07-16 14:34:46.808716774,13891.678489104495,23.782743536986576,32067.0,-11040.0
2026-07-16 14:34:46.929782152,13939.206031095222,23.78328140102721,32067.0,-11041.0
2026-07-16 14:34:47.050847530,13893.0335637612,23.7828006578652,32067.0,-11041.0
2026-07-16 14:34:47.171912909,13940.76432200865,23.78283215794645,32067.0,-11040.0
2026-07-16 14:34:47.292978287,13862.219855426833,23.78286061093889,32067.0,-11041.0
2026-07-16 14:34:47.414043665,13940.76432200865,23.78288643357961,32067.0,-11041.0
2026-07-16 14:34:47.535109042,13912.28303768314,23.783353782779717,32067.0,-11041.0
2026-07-16 14:34:47.656174421,13886.479845495178,23.78380602821068,32067.0,-11041.0
2026-07-16 14:34:47.777239799,13966.448671508024,23.78378691512576,32066.0,-11041.0
2026-07-16 14:34:47.898305178,13939.404607344304,23.78376947668517,32066.0,-11040.0
2026-07-16 14:34:48.019370556,13911.604586576035,23.784171331660964,32067.0,-11040.0
2026-07-16 14:34:48.140435934,13918.848933754758,23.78373238425022,32067.0,-11041.0
2026-07-16 14:34:48.261501312,13891.678489104495,23.78330606180613,32066.0,-11041.0
2026-07-16 14:34:48.382566690,13939.206031095222,23.78374500687165,32067.0,-11041.0
2026-07-16 14:34:48.503632069,13961.105612030116,23.784591570949363,32067.0,-11042.0
2026-07-16 14:34:48.624697447,13910.247753535024,23.78500168536658,32066.0,-11040.0
2026-07-16 14:34:48.745762825,13957.252942541676,23.78630083500931,32067.0,-11041.0
2026-07-16 14:34:48.866828203,13938.526267052304,23.786663483492813,32067.0,-11041.0
2026-07-16 14:34:48.987893581,13961.786458942262,23.78749242827801,32067.0,-11041.0
2026-07-16 14:34:49.108958721,13888.02800549244,23.78726795295905,32067.0,-11041.0
2026-07-16 14:34:49.230024099,13986.901591503089,23.78807107347075,32067.0,-11040.0
2026-07-16 14:34:49.351089478,13940.76432200865,23.787813842106463,32067.0,-11041.0
2026-07-16 14:34:49.472154856,13866.09786405381,23.78707973404505,32067.0,-11041.0
2026-07-16 14:34:49.593220234,13908.394164875865,23.787919813860828,32067.0,-11041.0
2026-07-16 14:34:49.714285612,13890.73742380938,23.787662874319185,32069.0,-11041.0
2026-07-16 14:34:49.835350990,13917.325464186151,23.78899700160841,32076.0,-11045.0
2026-07-16 14:34:49.956416368,13853.121293090746,23.787542148260464,32079.0,-11045.0
2026-07-16 14:34:50.077481747,13818.517985168528,23.78606762909733,32073.0,-11042.0
2026-07-16 14:34:50.198547125,13918.349569284746,23.785884644842245,32072.0,-11042.0
2026-07-16 14:34:50.319612503,13842.307560435063,23.785118193213325,32071.0,-11042.0
2026-07-16 14:34:50.440677881,13894.388730556144,23.784399344443152,32070.0,-11042.0
2026-07-16 14:34:50.561743259,13897.11063491682,23.78310938606688,32070.0,-11042.0
2026-07-16 14:34:50.682808638,13841.632515362837,23.782495205696385,32070.0,-11042.0
2026-07-16 14:34:50.803874016,13893.711135641322,23.78193158754518,32069.0,-11041.0
2026-07-16 14:34:50.924939394,13837.878746642198,23.78202873574076,32069.0,-11041.0
2026-07-16 14:34:51.046004772,13946.582071183726,23.781533998496982,32070.0,-11041.0
2026-07-16 14:34:51.167070150,13945.901930928992,23.781077328762635,32069.0,-11041.0
2026-07-16 14:34:51.288135529,13916.313461677331,23.78121803857123,32069.0,-11041.0
2026-07-16 14:34:51.409200907,13942.804067335255,23.781344374958067,32069.0,-11041.0
2026-07-16 14:34:51.530266284,13873.322727877809,23.77989346513215,32069.0,-11042.0
2026-07-16 14:34:51.651331663,13922.813280911794,23.77896977712881,32069.0,-11042.0
2026-07-16 14:34:51.772397041,13919.527764666518,23.77866827498204,32069.0,-11041.0
2026-07-16 14:34:51.893462420,13919.527764666518,23.778394535790486,32069.0,-11041.0
2026-07-16 14:34:52.014527798,13893.0335637612,23.77814542950149,32068.0,-11041.0
2026-07-16 14:34:52.135593176,13896.432889384128,23.77738266927567,32069.0,-11041.0
2026-07-16 14:34:52.256658553,13942.804067335255,23.77773018396845,32069.0,-11041.0
2026-07-16 14:34:52.377723932,13893.0335637612,23.77752640661496,32068.0,-11041.0
2026-07-16 14:34:52.498789310,13869.93370356638,23.776822784941608,32068.0,-11041.0
2026-07-16 14:34:52.619854689,13948.518687705164,23.776144170480976,32068.0,-11041.0
2026-07-16 14:34:52.740920067,13968.492205045412,23.776554855137785,32068.0,-11041.0
2026-07-16 14:34:52.861985445,13871.969524833778,23.77536055340022,32067.0,-11041.0
2026-07-16 14:34:52.983050823,13964.328200913054,23.77641561918453,32067.0,-11041.0
2026-07-16 14:34:53.104116201,13872.646114850924,23.775097790912024,32068.0,-11041.0
2026-07-16 14:34:53.225181580,13921.455285902592,23.77441184957126,32067.0,-11041.0
2026-07-16 14:34:53.346246958,13868.580846314666,23.77377375069252,32066.0,-11041.0
2026-07-16 14:34:53.467312336,13917.491341163186,23.773796604461342,32066.0,-11041.0
2026-07-16 14:34:53.588377714,13945.221813795484,23.77381671530891,32067.0,-11041.0
2026-07-16 14:34:53.709443092,13990.687354653566,23.774926865457388,32066.0,-11041.0
2026-07-16 14:34:53.830508471,13868.580846314666,23.77430356363009,32066.0,-11040.0
2026-07-16 14:34:53.951573849,13993.50063852486,23.774855188779718,32067.0,-11040.0
2026-07-16 14:34:54.072639227,13865.421628834096,23.77481127151219,32067.0,-11040.0
2026-07-16 14:34:54.193704605,13992.818197770846,23.77530127127949,32066.0,-11041.0
2026-07-16 14:34:54.314769983,13943.861648891594,23.77523462736407,32066.0,-11041.0
2026-07-16 14:34:54.435835361,13966.448671508024,23.775675840009526,32066.0,-11040.0
2026-07-16 14:34:54.556900740,13918.170125920054,23.775592550362767,32066.0,-11040.0
2026-07-16 14:34:54.677966118,13916.133840882358,23.7755170693612,32065.0,-11039.0
2026-07-16 14:34:54.799031496,13841.64141673141,23.774980594483136,32066.0,-11040.0
2026-07-16 14:34:54.920096874,13920.776323029391,23.774463257935352,32066.0,-11040.0
2026-07-16 14:34:55.041162252,13892.35601491533,23.774446187591334,32066.0,-11040.0
2026-07-16 14:34:55.162227631,13894.399791048312,23.77397333180313,32066.0,-11040.0
2026-07-16 14:34:55.283293009,13890.323506587323,23.773980775221464,32065.0,-11039.0
2026-07-16 14:34:55.404358387,13918.170125920054,23.77398753293967,32066.0,-11040.0
2026-07-16 14:34:55.525423765,13845.467915806708,23.773150690414365,32066.0,-11040.0
2026-07-16 14:34:55.646489143,13916.812579484496,23.773196885956686,32065.0,-11040.0
2026-07-16 14:34:55.767554522,13916.133840882358,23.77323914800118,32065.0,-11040.0
2026-07-16 14:34:55.888619900,13920.097383243949,23.77286350030656,32065.0,-11040.0
2026-07-16 14:34:56.009685278,13920.776323029391,23.772501685233795,32065.0,-11040.0
2026-07-16 14:34:56.130750656,13940.08445312086,23.77298417570736,32065.0,-11040.0
2026-07-16 14:34:56.251816034,13921.455285902592,23.77260795611885,32066.0,-11040.0
2026-07-16 14:34:56.372881413,13917.491341163186,23.772676803246416,32065.0,-11041.0
2026-07-16 14:34:56.493946791,13870.616413829868,23.77191069310128,32065.0,-11041.0
2026-07-16 14:34:56.615012169,13969.555931602865,23.77201329952248,32065.0,-11041.0
2026-07-16 14:34:56.736077547,13895.077467449726,23.771683148270807,32066.0,-11041.0
2026-07-16 14:34:56.857142925,13893.722137690902,23.771368078182224,32065.0,-11041.0
2026-07-16 14:34:56.978208303,13943.181601122336,23.771491334048005,32065.0,-11040.0
2026-07-16 14:34:57.099273682,13943.861648891594,23.771605902758456,32066.0,-11040.0
2026-07-16 14:34:57.220339060,13844.792631373375,23.770910459284853,32065.0,-11041.0
2026-07-16 14:34:57.341404438,13943.861648891594,23.771053856611296,32065.0,-11041.0
2026-07-16 14:34:57.462469816,13894.399791048312,23.770775314877955,32066.0,-11040.0
2026-07-16 14:34:57.583535194,13970.918623006011,23.77092037845308,32066.0,-11040.0
2026-07-16 14:34:57.704600573,13917.491341163186,23.77105607065328,32066.0,-11041.0
2026-07-16 14:34:57.825665951,13944.541719782756,23.771183136452517,32066.0,-11041.0
2026-07-16 14:34:57.946731329,13921.455285902592,23.770918789396653,32066.0,-11041.0
2026-07-16 14:34:58.067796707,13916.812579484496,23.771048444795976,32065.0,-11041.0
2026-07-16 14:34:58.188862085,13917.491341163186,23.77117032681744,32065.0,-11041.0
2026-07-16 14:34:58.309927464,13947.838414969196,23.770917435191656,32066.0,-11041.0
2026-07-16 14:34:58.430992842,13917.491341163186,23.77104196773961,32065.0,-11041.0
2026-07-16 14:34:58.552058220,13942.501576473354,23.771159417510606,32064.0,-11041.0
2026-07-16 14:34:58.673123598,13917.491341163186,23.77127026929961,32065.0,-11041.0
2026-07-16 14:34:58.794188976,13916.812579484496,23.771374972633616,32065.0,-11042.0
2026-07-16 14:34:58.915254354,13916.133840882358,23.77147394404519,32064.0,-11041.0
2026-07-16 14:34:59.036319494,13943.861648891594,23.771567569305017,32065.0,-11040.0
2026-07-16 14:34:59.157384872,13893.044507377,23.77132799458864,32064.0,-11041.0
2026-07-16 14:34:59.278450251,13962.285272672963,23.77208656646484,32065.0,-11040.0
2026-07-16 14:34:59.399515629,13943.861648891594,23.772164294931382,32065.0,-11040.0
2026-07-16 14:34:59.520581007,13893.722137690902,23.77188512354481,32065.0,-11041.0
2026-07-16 14:34:59.641646385,13939.404607344304,23.77231634993312,32065.0,-11041.0
2026-07-16 14:34:59.762711763,13916.812579484496,23.772386198185163,32065.0,-11041.0
2026-07-16 14:34:59.883777142,13917.491341163186,23.77245155884545,32065.0,-11041.0
2026-07-16 14:35:00.004842520,13916.812579484496,23.77251282168577,32064.0,-11042.0
2026-07-16 14:35:00.125907897,13916.133840882358,23.77257033468061,32064.0,-11042.0
2026-07-16 14:35:00.246973276,13943.181601122336,23.772624409263265,32064.0,-11042.0
2026-07-16 14:35:00.368038654,13864.069227366124,23.7726753248324,32064.0,-11041.0
2026-07-16 14:35:00.489104033,13892.366900107829,23.772409823635883,32064.0,-11040.0
2026-07-16 14:35:00.610169411,13989.322808475506,23.77310387164384,32064.0,-11041.0
2026-07-16 14:35:00.731234789,13889.646049882356,23.773141218794425,32064.0,-11040.0
2026-07-16 14:35:00.852300167,13916.133840882358,23.773176146968325,32064.0,-11040.0
2026-07-16 14:35:00.973365545,13894.399791048312,23.772882457436584,32065.0,-11040.0
2026-07-16 14:35:01.094430923,13871.292957826903,23.772262404534693,32065.0,-11040.0
2026-07-16 14:35:01.215496302,13938.04498512265,23.77267936592714,32064.0,-11040.0
2026-07-16 14:35:01.336561680,13915.455125359766,23.772735067523357,32064.0,-11039.0
2026-07-16 14:35:01.457627058,13893.722137690902,23.772432785980374,32065.0,-11039.0
2026-07-16 14:35:01.578692436,13920.776323029391,23.77213866495385,32065.0,-11040.0
2026-07-16 14:35:01.699757814,13864.069227366124,23.77221444201436,32065.0,-11040.0
2026-07-16 14:35:01.820823193,13962.966225608148,23.772989804074097,32065.0,-11040.0
2026-07-16 14:35:01.941888571,13916.812579484496,23.773035617431415,32065.0,-11040.0
2026-07-16 14:35:02.062953948,13943.861648891594,23.773078168014244,32065.0,-11041.0
2026-07-16 14:35:02.184019327,13991.453385857572,23.773468342429656,32065.0,-11040.0
2026-07-16 14:35:02.305084705,13891.000986329032,23.77349378550602,32065.0,-11040.0
2026-07-16 14:35:02.426150084,13916.812579484496,23.77351742657904,32064.0,-11040.0
2026-07-16 14:35:02.547215462,13964.40534636104,23.77387496820127,32064.0,-11040.0
2026-07-16 14:35:02.668280840,13941.82157494765,23.773884256835466,32064.0,-11040.0
2026-07-16 14:35:02.789346218,13938.724784677748,23.77422422303673,32064.0,-11041.0
2026-07-16 14:35:02.910411596,13840.291279202738,23.773875109579443,32064.0,-11041.0
2026-07-16 14:35:03.031476973,13916.133840882358,23.77388444865296,32064.0,-11040.0
2026-07-16 14:35:03.152542353,13869.939892842684,23.773212183824896,32064.0,-11040.0
2026-07-16 14:35:03.273607731,13889.646049882356,23.77324744791386,32063.0,-11040.0
2026-07-16 14:35:03.394673109,13939.404607344304,23.77362671418607,32064.0,-11040.0
2026-07-16 14:35:03.515738487,13916.133840882358,23.773645794234373,32064.0,-11040.0
2026-07-16 14:35:03.636803865,13844.11736990706,23.772964002957597,32064.0,-11040.0
2026-07-16 14:35:03.757869244,13915.455125359766,23.77300995937517,32063.0,-11040.0
2026-07-16 14:35:03.878934622,13867.228081067662,23.77268978473235,32064.0,-11040.0
2026-07-16 14:35:04.000000000,13965.767539971504,23.773104768658687,32064.0,-11041.0
2026-07-16 14:35:04.121065378,13916.133840882358,23.77314531408198,32064.0,-11041.0
2026-07-16 14:35:04.242130756,13968.193332860395,23.77318299294705,32063.0,-11041.0
2026-07-16 14:35:04.363196135,13892.366900107829,23.77286551460838,32063.0,-11041.0
2026-07-16 14:35:04.484261513,13867.228081067662,23.772555699176404,32063.0,-11040.0
2026-07-16 14:35:04.605326891,13891.689315882872,23.77225422246748,32063.0,-11040.0
2026-07-16 14:35:04.726392269,13922.026507258515,23.771596927740585,32063.0,-11040.0
